model,itemid,response,correct
Austism/chronos-hermes-13b,1,,0
Austism/chronos-hermes-13b,2,,0
Austism/chronos-hermes-13b,3,,0
Austism/chronos-hermes-13b,4,,0
Austism/chronos-hermes-13b,5,,0
Austism/chronos-hermes-13b,6,,0
Austism/chronos-hermes-13b,7,,0
Austism/chronos-hermes-13b,8,,0
Austism/chronos-hermes-13b,9,,0
Austism/chronos-hermes-13b,10,,0
Austism/chronos-hermes-13b,11,,0
Austism/chronos-hermes-13b,12,,0
Austism/chronos-hermes-13b,13,,0
Austism/chronos-hermes-13b,14,,0
Austism/chronos-hermes-13b,15,,0
Austism/chronos-hermes-13b,16,,0
DiscoResearch/DiscoLM-mixtral-8x7b-v2,1,000000100,1
DiscoResearch/DiscoLM-mixtral-8x7b-v2,2,770000770,1
DiscoResearch/DiscoLM-mixtral-8x7b-v2,3,000444000,0
DiscoResearch/DiscoLM-mixtral-8x7b-v2,4,000404404,1
DiscoResearch/DiscoLM-mixtral-8x7b-v2,5,770700770,0
DiscoResearch/DiscoLM-mixtral-8x7b-v2,6,050050011,0
DiscoResearch/DiscoLM-mixtral-8x7b-v2,7,000111111,0
DiscoResearch/DiscoLM-mixtral-8x7b-v2,8,000444000,0
DiscoResearch/DiscoLM-mixtral-8x7b-v2,9,0110155555000100000000000,0
DiscoResearch/DiscoLM-mixtral-8x7b-v2,10,5555550505555555555555555,0
DiscoResearch/DiscoLM-mixtral-8x7b-v2,11,4020002020200020202000200,0
DiscoResearch/DiscoLM-mixtral-8x7b-v2,12,0000033330444446000055500,0
DiscoResearch/DiscoLM-mixtral-8x7b-v2,13,0005500055000000000060000,0
DiscoResearch/DiscoLM-mixtral-8x7b-v2,14,6666676666668666666768666,0
DiscoResearch/DiscoLM-mixtral-8x7b-v2,15,0000011313113030031300000,0
DiscoResearch/DiscoLM-mixtral-8x7b-v2,16,0000006660000000666000000,0
Gryphe/MythoMax-L2-13b,1,,0
Gryphe/MythoMax-L2-13b,2,770000770,1
Gryphe/MythoMax-L2-13b,3,000666000,1
Gryphe/MythoMax-L2-13b,4,000404404,1
Gryphe/MythoMax-L2-13b,5,700700770,0
Gryphe/MythoMax-L2-13b,6,050050011,0
Gryphe/MythoMax-L2-13b,7,000102102,0
Gryphe/MythoMax-L2-13b,8,000444000,0
Gryphe/MythoMax-L2-13b,9,,0
Gryphe/MythoMax-L2-13b,10,,0
Gryphe/MythoMax-L2-13b,11,,0
Gryphe/MythoMax-L2-13b,12,,0
Gryphe/MythoMax-L2-13b,13,,0
Gryphe/MythoMax-L2-13b,14,,0
Gryphe/MythoMax-L2-13b,15,,0
Gryphe/MythoMax-L2-13b,16,,0
NousResearch/Nous-Capybara-7B-V1p9,1,000110100,0
NousResearch/Nous-Capybara-7B-V1p9,2,770000700,0
NousResearch/Nous-Capybara-7B-V1p9,3,000000444,0
NousResearch/Nous-Capybara-7B-V1p9,4,000404404,1
NousResearch/Nous-Capybara-7B-V1p9,5,770700770,0
NousResearch/Nous-Capybara-7B-V1p9,6,,0
NousResearch/Nous-Capybara-7B-V1p9,7,111000102,0
NousResearch/Nous-Capybara-7B-V1p9,8,,0
NousResearch/Nous-Capybara-7B-V1p9,9,,0
NousResearch/Nous-Capybara-7B-V1p9,10,5500000500005005000000500,0
NousResearch/Nous-Capybara-7B-V1p9,11,3010001010100010101000100,0
NousResearch/Nous-Capybara-7B-V1p9,12,2200055500600004444433330,0
NousResearch/Nous-Capybara-7B-V1p9,13,,0
NousResearch/Nous-Capybara-7B-V1p9,14,,0
NousResearch/Nous-Capybara-7B-V1p9,15,,0
NousResearch/Nous-Capybara-7B-V1p9,16,,0
NousResearch/Nous-Hermes-2-Yi-34B,1,000100100,0
NousResearch/Nous-Hermes-2-Yi-34B,2,770000770,1
NousResearch/Nous-Hermes-2-Yi-34B,3,060444060,0
NousResearch/Nous-Hermes-2-Yi-34B,4,000404404,1
NousResearch/Nous-Hermes-2-Yi-34B,5,700700770,0
NousResearch/Nous-Hermes-2-Yi-34B,6,000050000,0
NousResearch/Nous-Hermes-2-Yi-34B,7,000102000,0
NousResearch/Nous-Hermes-2-Yi-34B,8,,0
NousResearch/Nous-Hermes-2-Yi-34B,9,0000000000000000000000000,0
NousResearch/Nous-Hermes-2-Yi-34B,10,0050000500005000050000500,0
NousResearch/Nous-Hermes-2-Yi-34B,11,0101001010100010101000100,0
NousResearch/Nous-Hermes-2-Yi-34B,12,3330022000555004444460000,0
NousResearch/Nous-Hermes-2-Yi-34B,13,0005500055000000000060005,0
NousResearch/Nous-Hermes-2-Yi-34B,14,6666676666668666666768666,0
NousResearch/Nous-Hermes-2-Yi-34B,15,1001133333011013333311010,0
NousResearch/Nous-Hermes-2-Yi-34B,16,0000006660060600666000000,0
NousResearch/Nous-Hermes-Llama2-13b,1,,0
NousResearch/Nous-Hermes-Llama2-13b,2,,0
NousResearch/Nous-Hermes-Llama2-13b,3,,0
NousResearch/Nous-Hermes-Llama2-13b,4,,0
NousResearch/Nous-Hermes-Llama2-13b,5,,0
NousResearch/Nous-Hermes-Llama2-13b,6,,0
NousResearch/Nous-Hermes-Llama2-13b,7,,0
NousResearch/Nous-Hermes-Llama2-13b,8,,0
NousResearch/Nous-Hermes-Llama2-13b,9,,0
NousResearch/Nous-Hermes-Llama2-13b,10,,0
NousResearch/Nous-Hermes-Llama2-13b,11,,0
NousResearch/Nous-Hermes-Llama2-13b,12,,0
NousResearch/Nous-Hermes-Llama2-13b,13,,0
NousResearch/Nous-Hermes-Llama2-13b,14,,0
NousResearch/Nous-Hermes-Llama2-13b,15,,0
NousResearch/Nous-Hermes-Llama2-13b,16,,0
NousResearch/Nous-Hermes-Llama2-70b,1,000000100,1
NousResearch/Nous-Hermes-Llama2-70b,2,770000770,1
NousResearch/Nous-Hermes-Llama2-70b,3,000666000,1
NousResearch/Nous-Hermes-Llama2-70b,4,000404404,1
NousResearch/Nous-Hermes-Llama2-70b,5,770700700,0
NousResearch/Nous-Hermes-Llama2-70b,6,370050013,0
NousResearch/Nous-Hermes-Llama2-70b,7,101000102,0
NousResearch/Nous-Hermes-Llama2-70b,8,000333000,0
NousResearch/Nous-Hermes-Llama2-70b,9,0000055555000000000000000,0
NousResearch/Nous-Hermes-Llama2-70b,10,5555505555055555555505555,0
NousResearch/Nous-Hermes-Llama2-70b,11,3020001310202020131000100,0
NousResearch/Nous-Hermes-Llama2-70b,12,2200055500600004444433330,0
NousResearch/Nous-Hermes-Llama2-70b,13,0005544055000000000060005,0
NousResearch/Nous-Hermes-Llama2-70b,14,6666666666666666666666666,1
NousResearch/Nous-Hermes-Llama2-70b,15,0000011313113030000011303,0
NousResearch/Nous-Hermes-Llama2-70b,16,0000006060000000606000000,0
NousResearch/Nous-Hermes-llama-2-7b,1,000000100,1
NousResearch/Nous-Hermes-llama-2-7b,2,770700770,0
NousResearch/Nous-Hermes-llama-2-7b,3,000000000,0
NousResearch/Nous-Hermes-llama-2-7b,4,000404000,0
NousResearch/Nous-Hermes-llama-2-7b,5,770700770,0
NousResearch/Nous-Hermes-llama-2-7b,6,000050000,0
NousResearch/Nous-Hermes-llama-2-7b,7,111000102,0
NousResearch/Nous-Hermes-llama-2-7b,8,000333000,0
NousResearch/Nous-Hermes-llama-2-7b,9,0000000000000000000000000,0
NousResearch/Nous-Hermes-llama-2-7b,10,5500000500005005000000500,0
NousResearch/Nous-Hermes-llama-2-7b,11,3010001010100010101000100,0
NousResearch/Nous-Hermes-llama-2-7b,12,0000011000777006666033333,0
NousResearch/Nous-Hermes-llama-2-7b,13,0002200022000000000022000,0
NousResearch/Nous-Hermes-llama-2-7b,14,6666666666666666666666666,1
NousResearch/Nous-Hermes-llama-2-7b,15,0000011313113030000011303,0
NousResearch/Nous-Hermes-llama-2-7b,16,0000006660000000606000000,0
Open-Orca/Mistral-7B-OpenOrca,1,000000100,1
Open-Orca/Mistral-7B-OpenOrca,2,700770000,0
Open-Orca/Mistral-7B-OpenOrca,3,000444000,0
Open-Orca/Mistral-7B-OpenOrca,4,000404000,0
Open-Orca/Mistral-7B-OpenOrca,5,700700770,0
Open-Orca/Mistral-7B-OpenOrca,6,330050011,0
Open-Orca/Mistral-7B-OpenOrca,7,111102102,0
Open-Orca/Mistral-7B-OpenOrca,8,000444000,0
Open-Orca/Mistral-7B-OpenOrca,9,0000000010000100000000000,0
Open-Orca/Mistral-7B-OpenOrca,10,5550000500005005000000500,0
Open-Orca/Mistral-7B-OpenOrca,11,1111110001111110000000003,0
Open-Orca/Mistral-7B-OpenOrca,12,0000033300600004444422000,0
Open-Orca/Mistral-7B-OpenOrca,13,0003300033000000000033000,0
Open-Orca/Mistral-7B-OpenOrca,14,6666676666668666666768666,0
Open-Orca/Mistral-7B-OpenOrca,15,0000011313113030031311303,0
Open-Orca/Mistral-7B-OpenOrca,16,0000006660060600666000000,0
Undi95/ReMM-SLERP-L2-13B,1,000000100,1
Undi95/ReMM-SLERP-L2-13B,2,,0
Undi95/ReMM-SLERP-L2-13B,3,000444000,0
Undi95/ReMM-SLERP-L2-13B,4,,0
Undi95/ReMM-SLERP-L2-13B,5,700700770,0
Undi95/ReMM-SLERP-L2-13B,6,,0
Undi95/ReMM-SLERP-L2-13B,7,,0
Undi95/ReMM-SLERP-L2-13B,8,,0
Undi95/ReMM-SLERP-L2-13B,9,,0
Undi95/ReMM-SLERP-L2-13B,10,5000000050000505000000050,0
Undi95/ReMM-SLERP-L2-13B,11,,0
Undi95/ReMM-SLERP-L2-13B,12,6666033333000007770011000,0
Undi95/ReMM-SLERP-L2-13B,13,0000000000000000000000000,0
Undi95/ReMM-SLERP-L2-13B,14,,0
Undi95/ReMM-SLERP-L2-13B,15,0000011313113030031300000,0
Undi95/ReMM-SLERP-L2-13B,16,,0
Undi95/Toppy-M-7B,1,000000100,1
Undi95/Toppy-M-7B,2,770000770,1
Undi95/Toppy-M-7B,3,000666000,1
Undi95/Toppy-M-7B,4,000404404,1
Undi95/Toppy-M-7B,5,770700770,0
Undi95/Toppy-M-7B,6,330050011,0
Undi95/Toppy-M-7B,7,111102102,0
Undi95/Toppy-M-7B,8,000444000,0
Undi95/Toppy-M-7B,9,0001000000000101100100000,0
Undi95/Toppy-M-7B,10,5500000500005005000000500,0
Undi95/Toppy-M-7B,11,2020001110200010111000200,0
Undi95/Toppy-M-7B,12,6666044444220001100077700,0
Undi95/Toppy-M-7B,13,0000000000040554400560055,0
Undi95/Toppy-M-7B,14,6666676666668666666768666,0
Undi95/Toppy-M-7B,15,0000011303000001130300000,0
Undi95/Toppy-M-7B,16,0000006060000000606000000,0
WizardLM/WizardLM-13B-V1.2,1,000110000,0
WizardLM/WizardLM-13B-V1.2,2,770000770,1
WizardLM/WizardLM-13B-V1.2,3,000444000,0
WizardLM/WizardLM-13B-V1.2,4,000404000,0
WizardLM/WizardLM-13B-V1.2,5,700700770,0
WizardLM/WizardLM-13B-V1.2,6,000050000,0
WizardLM/WizardLM-13B-V1.2,7,,0
WizardLM/WizardLM-13B-V1.2,8,333444000,0
WizardLM/WizardLM-13B-V1.2,9,0000000000000000000000000,0
WizardLM/WizardLM-13B-V1.2,10,,0
WizardLM/WizardLM-13B-V1.2,11,0000001111000000011100000,0
WizardLM/WizardLM-13B-V1.2,12,0000055500600004444433330,0
WizardLM/WizardLM-13B-V1.2,13,0000004000000000000000000,0
WizardLM/WizardLM-13B-V1.2,14,4444476666448446666748666,0
WizardLM/WizardLM-13B-V1.2,15,0031311313110000031311303,0
WizardLM/WizardLM-13B-V1.2,16,0000006660000000666000000,0
garage-bAInd/Platypus2-70B-instruct,1,000000010,0
garage-bAInd/Platypus2-70B-instruct,2,770000770,1
garage-bAInd/Platypus2-70B-instruct,3,060444060,0
garage-bAInd/Platypus2-70B-instruct,4,000404404,1
garage-bAInd/Platypus2-70B-instruct,5,700770700,0
garage-bAInd/Platypus2-70B-instruct,6,070070033,1
garage-bAInd/Platypus2-70B-instruct,7,000112112,0
garage-bAInd/Platypus2-70B-instruct,8,000333444,1
garage-bAInd/Platypus2-70B-instruct,9,0110155555000100000000000,0
garage-bAInd/Platypus2-70B-instruct,10,5500000555005055500500500,0
garage-bAInd/Platypus2-70B-instruct,11,,0
garage-bAInd/Platypus2-70B-instruct,12,0000033330600004444422000,0
garage-bAInd/Platypus2-70B-instruct,13,0005500055000000000000005,0
garage-bAInd/Platypus2-70B-instruct,14,6666666666666666666666666,1
garage-bAInd/Platypus2-70B-instruct,15,0000011313113030031300000,0
garage-bAInd/Platypus2-70B-instruct,16,0000006660000000666000000,0
lmsys/vicuna-13b-v1.5-16k,1,,0
lmsys/vicuna-13b-v1.5-16k,2,,0
lmsys/vicuna-13b-v1.5-16k,3,,0
lmsys/vicuna-13b-v1.5-16k,4,,0
lmsys/vicuna-13b-v1.5-16k,5,,0
lmsys/vicuna-13b-v1.5-16k,6,,0
lmsys/vicuna-13b-v1.5-16k,7,,0
lmsys/vicuna-13b-v1.5-16k,8,,0
lmsys/vicuna-13b-v1.5-16k,9,,0
lmsys/vicuna-13b-v1.5-16k,10,,0
lmsys/vicuna-13b-v1.5-16k,11,,0
lmsys/vicuna-13b-v1.5-16k,12,,0
lmsys/vicuna-13b-v1.5-16k,13,,0
lmsys/vicuna-13b-v1.5-16k,14,,0
lmsys/vicuna-13b-v1.5-16k,15,,0
lmsys/vicuna-13b-v1.5-16k,16,,0
lmsys/vicuna-13b-v1.5,1,000110110,0
lmsys/vicuna-13b-v1.5,2,700000700,0
lmsys/vicuna-13b-v1.5,3,000444000,0
lmsys/vicuna-13b-v1.5,4,000404400,0
lmsys/vicuna-13b-v1.5,5,770700700,0
lmsys/vicuna-13b-v1.5,6,050050011,0
lmsys/vicuna-13b-v1.5,7,000102102,0
lmsys/vicuna-13b-v1.5,8,000333000,0
lmsys/vicuna-13b-v1.5,9,1101111010555550000000000,0
lmsys/vicuna-13b-v1.5,10,0000000555005005000000555,0
lmsys/vicuna-13b-v1.5,11,2010001010100010101000100,0
lmsys/vicuna-13b-v1.5,12,6666033333000007770011000,0
lmsys/vicuna-13b-v1.5,13,0000000000000000000000000,0
lmsys/vicuna-13b-v1.5,14,4444444444444444444444444,0
lmsys/vicuna-13b-v1.5,15,0000011313113030031311303,0
lmsys/vicuna-13b-v1.5,16,0000006660000000666000000,0
lmsys/vicuna-7b-v1.5,1,000000100,1
lmsys/vicuna-7b-v1.5,2,700000770,0
lmsys/vicuna-7b-v1.5,3,000444000,0
lmsys/vicuna-7b-v1.5,4,000404404,1
lmsys/vicuna-7b-v1.5,5,770700700,0
lmsys/vicuna-7b-v1.5,6,000050000,0
lmsys/vicuna-7b-v1.5,7,000102102,0
lmsys/vicuna-7b-v1.5,8,000333000,0
lmsys/vicuna-7b-v1.5,9,0000000000000000000000000,0
lmsys/vicuna-7b-v1.5,10,0000000500005005000000500,0
lmsys/vicuna-7b-v1.5,11,2222220302222220000000000,0
lmsys/vicuna-7b-v1.5,12,0000011000777006666033333,0
lmsys/vicuna-7b-v1.5,13,0005500055000000000055000,0
lmsys/vicuna-7b-v1.5,14,6666666866666676666666666,0
lmsys/vicuna-7b-v1.5,15,0000011313113030031311303,0
lmsys/vicuna-7b-v1.5,16,0000006660060600666000000,0
mistralai/Mistral-7B-Instruct-v0.1,1,000000110,0
mistralai/Mistral-7B-Instruct-v0.1,2,770000770,1
mistralai/Mistral-7B-Instruct-v0.1,3,000444000,0
mistralai/Mistral-7B-Instruct-v0.1,4,000404404,1
mistralai/Mistral-7B-Instruct-v0.1,5,700700770,0
mistralai/Mistral-7B-Instruct-v0.1,6,000050000,0
mistralai/Mistral-7B-Instruct-v0.1,7,000102102,0
mistralai/Mistral-7B-Instruct-v0.1,8,000440000,0
mistralai/Mistral-7B-Instruct-v0.1,9,0000055555000001101111001,0
mistralai/Mistral-7B-Instruct-v0.1,10,5500000500005005000000500,0
mistralai/Mistral-7B-Instruct-v0.1,11,3010001010100010101000100,0
mistralai/Mistral-7B-Instruct-v0.1,12,2200055500600004444433330,0
mistralai/Mistral-7B-Instruct-v0.1,13,0000000000000000000060000,0
mistralai/Mistral-7B-Instruct-v0.1,14,6666676666668666666768666,0
mistralai/Mistral-7B-Instruct-v0.1,15,0031311313113030031311303,0
mistralai/Mistral-7B-Instruct-v0.1,16,0000006660060600666000000,0
mistralai/Mistral-7B-Instruct-v0.2,1,000000100,1
mistralai/Mistral-7B-Instruct-v0.2,2,770000770,1
mistralai/Mistral-7B-Instruct-v0.2,3,044444044,0
mistralai/Mistral-7B-Instruct-v0.2,4,400404004,0
mistralai/Mistral-7B-Instruct-v0.2,5,700700770,0
mistralai/Mistral-7B-Instruct-v0.2,6,011050011,0
mistralai/Mistral-7B-Instruct-v0.2,7,000112000,0
mistralai/Mistral-7B-Instruct-v0.2,8,333443333,0
mistralai/Mistral-7B-Instruct-v0.2,9,0001055555000101101111001,0
mistralai/Mistral-7B-Instruct-v0.2,10,5555500500005005000000500,0
mistralai/Mistral-7B-Instruct-v0.2,11,3010001010100010101000100,0
mistralai/Mistral-7B-Instruct-v0.2,12,0000033330444445550022000,0
mistralai/Mistral-7B-Instruct-v0.2,13,0005500055000000600550055,0
mistralai/Mistral-7B-Instruct-v0.2,14,6666676666668666666768666,0
mistralai/Mistral-7B-Instruct-v0.2,15,0031311313113030031300313,0
mistralai/Mistral-7B-Instruct-v0.2,16,0666006060066600606006660,0
mistralai/Mixtral-8x7B-Instruct-v0.1,1,000000100,1
mistralai/Mixtral-8x7B-Instruct-v0.1,2,770000770,1
mistralai/Mixtral-8x7B-Instruct-v0.1,3,000666000,1
mistralai/Mixtral-8x7B-Instruct-v0.1,4,004404400,0
mistralai/Mixtral-8x7B-Instruct-v0.1,5,700000770,0
mistralai/Mixtral-8x7B-Instruct-v0.1,6,070070033,1
mistralai/Mixtral-8x7B-Instruct-v0.1,7,000112112,0
mistralai/Mixtral-8x7B-Instruct-v0.1,8,000444333,0
mistralai/Mixtral-8x7B-Instruct-v0.1,9,0110155555000000000011001,0
mistralai/Mixtral-8x7B-Instruct-v0.1,10,5555555555555555555555555,0
mistralai/Mixtral-8x7B-Instruct-v0.1,11,3010002020200020202000200,0
mistralai/Mixtral-8x7B-Instruct-v0.1,12,0000022000555006660044444,0
mistralai/Mixtral-8x7B-Instruct-v0.1,13,0005500055000000000500055,1
mistralai/Mixtral-8x7B-Instruct-v0.1,14,6666677777668666666766666,0
mistralai/Mixtral-8x7B-Instruct-v0.1,15,0000011313113031131300000,0
mistralai/Mixtral-8x7B-Instruct-v0.1,16,0000000060000000006000000,0
openchat/openchat-3.5-1210,1,000000100,1
openchat/openchat-3.5-1210,2,770000770,1
openchat/openchat-3.5-1210,3,020222020,0
openchat/openchat-3.5-1210,4,000404404,1
openchat/openchat-3.5-1210,5,770700000,0
openchat/openchat-3.5-1210,6,330007007,0
openchat/openchat-3.5-1210,7,000001001,0
openchat/openchat-3.5-1210,8,000333000,0
openchat/openchat-3.5-1210,9,0000000000000000000000000,0
openchat/openchat-3.5-1210,10,5500000500005005000000500,0
openchat/openchat-3.5-1210,11,1111110301111110000000000,0
openchat/openchat-3.5-1210,12,0000011000777006666033333,0
openchat/openchat-3.5-1210,13,0004400044000000000044000,0
openchat/openchat-3.5-1210,14,6666666666666666666666666,1
openchat/openchat-3.5-1210,15,,0
openchat/openchat-3.5-1210,16,0000000000000000000000000,0
teknium/OpenHermes-2-Mistral-7B,1,000110000,0
teknium/OpenHermes-2-Mistral-7B,2,700770700,0
teknium/OpenHermes-2-Mistral-7B,3,000444000,0
teknium/OpenHermes-2-Mistral-7B,4,000404404,1
teknium/OpenHermes-2-Mistral-7B,5,700700770,0
teknium/OpenHermes-2-Mistral-7B,6,000050011,0
teknium/OpenHermes-2-Mistral-7B,7,000102000,0
teknium/OpenHermes-2-Mistral-7B,8,000444000,0
teknium/OpenHermes-2-Mistral-7B,9,0000000010000000000000000,0
teknium/OpenHermes-2-Mistral-7B,10,5500000500005005000000500,0
teknium/OpenHermes-2-Mistral-7B,11,3010001010100010101000100,0
teknium/OpenHermes-2-Mistral-7B,12,2200033330444445550060000,0
teknium/OpenHermes-2-Mistral-7B,13,0005500055000000000050000,0
teknium/OpenHermes-2-Mistral-7B,14,6666676666668666666768666,0
teknium/OpenHermes-2-Mistral-7B,15,0000011313113030000011303,0
teknium/OpenHermes-2-Mistral-7B,16,0000006660060600666000000,0
teknium/OpenHermes-2p5-Mistral-7B,1,,0
teknium/OpenHermes-2p5-Mistral-7B,2,,0
teknium/OpenHermes-2p5-Mistral-7B,3,,0
teknium/OpenHermes-2p5-Mistral-7B,4,,0
teknium/OpenHermes-2p5-Mistral-7B,5,,0
teknium/OpenHermes-2p5-Mistral-7B,6,330050011,0
teknium/OpenHermes-2p5-Mistral-7B,7,,0
teknium/OpenHermes-2p5-Mistral-7B,8,000444000,0
teknium/OpenHermes-2p5-Mistral-7B,9,,0
teknium/OpenHermes-2p5-Mistral-7B,10,,0
teknium/OpenHermes-2p5-Mistral-7B,11,,0
teknium/OpenHermes-2p5-Mistral-7B,12,,0
teknium/OpenHermes-2p5-Mistral-7B,13,,0
teknium/OpenHermes-2p5-Mistral-7B,14,,0
teknium/OpenHermes-2p5-Mistral-7B,15,,0
teknium/OpenHermes-2p5-Mistral-7B,16,,0
togethercomputer/CodeLlama-13b-Instruct,1,,0
togethercomputer/CodeLlama-13b-Instruct,2,,0
togethercomputer/CodeLlama-13b-Instruct,3,,0
togethercomputer/CodeLlama-13b-Instruct,4,,0
togethercomputer/CodeLlama-13b-Instruct,5,,0
togethercomputer/CodeLlama-13b-Instruct,6,,0
togethercomputer/CodeLlama-13b-Instruct,7,,0
togethercomputer/CodeLlama-13b-Instruct,8,,0
togethercomputer/CodeLlama-13b-Instruct,9,0000055555000001100011000,0
togethercomputer/CodeLlama-13b-Instruct,10,,0
togethercomputer/CodeLlama-13b-Instruct,11,,0
togethercomputer/CodeLlama-13b-Instruct,12,,0
togethercomputer/CodeLlama-13b-Instruct,13,,0
togethercomputer/CodeLlama-13b-Instruct,14,6666676666668666666768666,0
togethercomputer/CodeLlama-13b-Instruct,15,0031311313113030031311303,0
togethercomputer/CodeLlama-13b-Instruct,16,,0
togethercomputer/CodeLlama-34b-Instruct,1,,0
togethercomputer/CodeLlama-34b-Instruct,2,,0
togethercomputer/CodeLlama-34b-Instruct,3,,0
togethercomputer/CodeLlama-34b-Instruct,4,,0
togethercomputer/CodeLlama-34b-Instruct,5,,0
togethercomputer/CodeLlama-34b-Instruct,6,,0
togethercomputer/CodeLlama-34b-Instruct,7,,0
togethercomputer/CodeLlama-34b-Instruct,8,,0
togethercomputer/CodeLlama-34b-Instruct,9,,0
togethercomputer/CodeLlama-34b-Instruct,10,,0
togethercomputer/CodeLlama-34b-Instruct,11,,0
togethercomputer/CodeLlama-34b-Instruct,12,,0
togethercomputer/CodeLlama-34b-Instruct,13,,0
togethercomputer/CodeLlama-34b-Instruct,14,,0
togethercomputer/CodeLlama-34b-Instruct,15,,0
togethercomputer/CodeLlama-34b-Instruct,16,,0
togethercomputer/CodeLlama-7b-Instruct,1,000000100,1
togethercomputer/CodeLlama-7b-Instruct,2,,0
togethercomputer/CodeLlama-7b-Instruct,3,,0
togethercomputer/CodeLlama-7b-Instruct,4,,0
togethercomputer/CodeLlama-7b-Instruct,5,700770700,0
togethercomputer/CodeLlama-7b-Instruct,6,,0
togethercomputer/CodeLlama-7b-Instruct,7,,0
togethercomputer/CodeLlama-7b-Instruct,8,000444000,0
togethercomputer/CodeLlama-7b-Instruct,9,,0
togethercomputer/CodeLlama-7b-Instruct,10,5500000500005005000000500,0
togethercomputer/CodeLlama-7b-Instruct,11,,0
togethercomputer/CodeLlama-7b-Instruct,12,,0
togethercomputer/CodeLlama-7b-Instruct,13,,0
togethercomputer/CodeLlama-7b-Instruct,14,,0
togethercomputer/CodeLlama-7b-Instruct,15,0000011313011030031301103,0
togethercomputer/CodeLlama-7b-Instruct,16,,0
togethercomputer/GPT-NeoXT-Chat-Base-20B,1,,0
togethercomputer/GPT-NeoXT-Chat-Base-20B,2,700000700,0
togethercomputer/GPT-NeoXT-Chat-Base-20B,3,,0
togethercomputer/GPT-NeoXT-Chat-Base-20B,4,,0
togethercomputer/GPT-NeoXT-Chat-Base-20B,5,000000000,0
togethercomputer/GPT-NeoXT-Chat-Base-20B,6,,0
togethercomputer/GPT-NeoXT-Chat-Base-20B,7,,0
togethercomputer/GPT-NeoXT-Chat-Base-20B,8,000333444,1
togethercomputer/GPT-NeoXT-Chat-Base-20B,9,1101111010555550000000000,0
togethercomputer/GPT-NeoXT-Chat-Base-20B,10,,0
togethercomputer/GPT-NeoXT-Chat-Base-20B,11,,0
togethercomputer/GPT-NeoXT-Chat-Base-20B,12,,0
togethercomputer/GPT-NeoXT-Chat-Base-20B,13,,0
togethercomputer/GPT-NeoXT-Chat-Base-20B,14,4444444444444444444444444,0
togethercomputer/GPT-NeoXT-Chat-Base-20B,15,,0
togethercomputer/GPT-NeoXT-Chat-Base-20B,16,0000006660000000666000000,0
togethercomputer/Llama-2-7B-32K-Instruct,1,000000100,1
togethercomputer/Llama-2-7B-32K-Instruct,2,700000700,0
togethercomputer/Llama-2-7B-32K-Instruct,3,000060000,0
togethercomputer/Llama-2-7B-32K-Instruct,4,000404000,0
togethercomputer/Llama-2-7B-32K-Instruct,5,770700700,0
togethercomputer/Llama-2-7B-32K-Instruct,6,000011000,0
togethercomputer/Llama-2-7B-32K-Instruct,7,000102102,0
togethercomputer/Llama-2-7B-32K-Instruct,8,000333440,0
togethercomputer/Llama-2-7B-32K-Instruct,9,NA,0
togethercomputer/Llama-2-7B-32K-Instruct,10,5500000500005005000000500,0
togethercomputer/Llama-2-7B-32K-Instruct,11,3010001010100010101000100,0
togethercomputer/Llama-2-7B-32K-Instruct,12,0000011000777006666033330,0
togethercomputer/Llama-2-7B-32K-Instruct,13,0000000000000000000000000,0
togethercomputer/Llama-2-7B-32K-Instruct,14,6666666666666666666666666,1
togethercomputer/Llama-2-7B-32K-Instruct,15,0000011313113030031311303,0
togethercomputer/Llama-2-7B-32K-Instruct,16,0000000000000000000000000,0
togethercomputer/Pythia-Chat-Base-7B-v0.16,1,000000000,0
togethercomputer/Pythia-Chat-Base-7B-v0.16,2,,0
togethercomputer/Pythia-Chat-Base-7B-v0.16,3,,0
togethercomputer/Pythia-Chat-Base-7B-v0.16,4,000404404,1
togethercomputer/Pythia-Chat-Base-7B-v0.16,5,070070070,0
togethercomputer/Pythia-Chat-Base-7B-v0.16,6,050050011,0
togethercomputer/Pythia-Chat-Base-7B-v0.16,7,000102102,0
togethercomputer/Pythia-Chat-Base-7B-v0.16,8,333000000,0
togethercomputer/Pythia-Chat-Base-7B-v0.16,9,,0
togethercomputer/Pythia-Chat-Base-7B-v0.16,10,,0
togethercomputer/Pythia-Chat-Base-7B-v0.16,11,2222220302222220000000000,0
togethercomputer/Pythia-Chat-Base-7B-v0.16,12,,0
togethercomputer/Pythia-Chat-Base-7B-v0.16,13,,0
togethercomputer/Pythia-Chat-Base-7B-v0.16,14,,0
togethercomputer/Pythia-Chat-Base-7B-v0.16,15,,0
togethercomputer/Pythia-Chat-Base-7B-v0.16,16,,0
togethercomputer/Qwen-7B-Chat,1,,0
togethercomputer/Qwen-7B-Chat,2,,0
togethercomputer/Qwen-7B-Chat,3,,0
togethercomputer/Qwen-7B-Chat,4,,0
togethercomputer/Qwen-7B-Chat,5,,0
togethercomputer/Qwen-7B-Chat,6,,0
togethercomputer/Qwen-7B-Chat,7,,0
togethercomputer/Qwen-7B-Chat,8,,0
togethercomputer/Qwen-7B-Chat,9,,0
togethercomputer/Qwen-7B-Chat,10,,0
togethercomputer/Qwen-7B-Chat,11,,0
togethercomputer/Qwen-7B-Chat,12,,0
togethercomputer/Qwen-7B-Chat,13,,0
togethercomputer/Qwen-7B-Chat,14,,0
togethercomputer/Qwen-7B-Chat,15,,0
togethercomputer/Qwen-7B-Chat,16,,0
togethercomputer/RedPajama-INCITE-7B-Chat,1,000110110,0
togethercomputer/RedPajama-INCITE-7B-Chat,2,700770700,0
togethercomputer/RedPajama-INCITE-7B-Chat,3,000060000,0
togethercomputer/RedPajama-INCITE-7B-Chat,4,000800800,0
togethercomputer/RedPajama-INCITE-7B-Chat,5,770700000,0
togethercomputer/RedPajama-INCITE-7B-Chat,6,221007007,0
togethercomputer/RedPajama-INCITE-7B-Chat,7,000060000,0
togethercomputer/RedPajama-INCITE-7B-Chat,8,,0
togethercomputer/RedPajama-INCITE-7B-Chat,9,,0
togethercomputer/RedPajama-INCITE-7B-Chat,10,0000003033030000030300000,0
togethercomputer/RedPajama-INCITE-7B-Chat,11,0000032100000003210000000,0
togethercomputer/RedPajama-INCITE-7B-Chat,12,,0
togethercomputer/RedPajama-INCITE-7B-Chat,13,0102211022010000007722077,0
togethercomputer/RedPajama-INCITE-7B-Chat,14,,0
togethercomputer/RedPajama-INCITE-7B-Chat,15,,0
togethercomputer/RedPajama-INCITE-7B-Chat,16,0070007070700070707000700,0
togethercomputer/RedPajama-INCITE-Chat-3B-v1,1,000220220,0
togethercomputer/RedPajama-INCITE-Chat-3B-v1,2,,0
togethercomputer/RedPajama-INCITE-Chat-3B-v1,3,,0
togethercomputer/RedPajama-INCITE-Chat-3B-v1,4,000400400,0
togethercomputer/RedPajama-INCITE-Chat-3B-v1,5,000700000,0
togethercomputer/RedPajama-INCITE-Chat-3B-v1,6,050050011,0
togethercomputer/RedPajama-INCITE-Chat-3B-v1,7,,0
togethercomputer/RedPajama-INCITE-Chat-3B-v1,8,,0
togethercomputer/RedPajama-INCITE-Chat-3B-v1,9,0001000010555550001100010,0
togethercomputer/RedPajama-INCITE-Chat-3B-v1,10,,0
togethercomputer/RedPajama-INCITE-Chat-3B-v1,11,0101001010100010010000000,0
togethercomputer/RedPajama-INCITE-Chat-3B-v1,12,,0
togethercomputer/RedPajama-INCITE-Chat-3B-v1,13,,0
togethercomputer/RedPajama-INCITE-Chat-3B-v1,14,NA,0
togethercomputer/RedPajama-INCITE-Chat-3B-v1,15,,0
togethercomputer/RedPajama-INCITE-Chat-3B-v1,16,0000006660000000666000000,0
togethercomputer/StripedHyena-Nous-7B,1,000000100,1
togethercomputer/StripedHyena-Nous-7B,2,770000770,1
togethercomputer/StripedHyena-Nous-7B,3,000444000,0
togethercomputer/StripedHyena-Nous-7B,4,000404000,0
togethercomputer/StripedHyena-Nous-7B,5,770770700,0
togethercomputer/StripedHyena-Nous-7B,6,120007011,0
togethercomputer/StripedHyena-Nous-7B,7,111102102,0
togethercomputer/StripedHyena-Nous-7B,8,000444000,0
togethercomputer/StripedHyena-Nous-7B,9,0110100010000101100111001,0
togethercomputer/StripedHyena-Nous-7B,10,0000000500005000000000000,0
togethercomputer/StripedHyena-Nous-7B,11,1010001010101000101000100,0
togethercomputer/StripedHyena-Nous-7B,12,0000011111777776666633333,0
togethercomputer/StripedHyena-Nous-7B,13,0000000000000000000000000,0
togethercomputer/StripedHyena-Nous-7B,14,6666676666668666666768666,0
togethercomputer/StripedHyena-Nous-7B,15,0000011111000001111100000,0
togethercomputer/StripedHyena-Nous-7B,16,0000006660060600666000000,0
togethercomputer/alpaca-7b,1,000110000,0
togethercomputer/alpaca-7b,2,770000770,1
togethercomputer/alpaca-7b,3,060444000,0
togethercomputer/alpaca-7b,4,000404000,0
togethercomputer/alpaca-7b,5,770700770,0
togethercomputer/alpaca-7b,6,050011050,0
togethercomputer/alpaca-7b,7,102000102,0
togethercomputer/alpaca-7b,8,000443000,0
togethercomputer/alpaca-7b,9,,0
togethercomputer/alpaca-7b,10,0000055000500000050000500,0
togethercomputer/alpaca-7b,11,,0
togethercomputer/alpaca-7b,12,0000011000777006000044444,0
togethercomputer/alpaca-7b,13,0000000000000000000000000,0
togethercomputer/alpaca-7b,14,6666676666668666666768666,0
togethercomputer/alpaca-7b,15,,0
togethercomputer/alpaca-7b,16,0000006060000000666000000,0
togethercomputer/falcon-40b-instruct,1,000110110,0
togethercomputer/falcon-40b-instruct,2,,0
togethercomputer/falcon-40b-instruct,3,040040040,0
togethercomputer/falcon-40b-instruct,4,000400400,0
togethercomputer/falcon-40b-instruct,5,,0
togethercomputer/falcon-40b-instruct,6,,0
togethercomputer/falcon-40b-instruct,7,111000000,0
togethercomputer/falcon-40b-instruct,8,000060000,0
togethercomputer/falcon-40b-instruct,9,1101111010555550001000000,0
togethercomputer/falcon-40b-instruct,10,NA,0
togethercomputer/falcon-40b-instruct,11,4444440004444440000000000,0
togethercomputer/falcon-40b-instruct,12,,0
togethercomputer/falcon-40b-instruct,13,NA,0
togethercomputer/falcon-40b-instruct,14,,0
togethercomputer/falcon-40b-instruct,15,,0
togethercomputer/falcon-40b-instruct,16,0000006660060600666000000,0
togethercomputer/falcon-7b-instruct,1,000000000,0
togethercomputer/falcon-7b-instruct,2,,0
togethercomputer/falcon-7b-instruct,3,,0
togethercomputer/falcon-7b-instruct,4,,0
togethercomputer/falcon-7b-instruct,5,700770000,0
togethercomputer/falcon-7b-instruct,6,,0
togethercomputer/falcon-7b-instruct,7,111000000,0
togethercomputer/falcon-7b-instruct,8,000000000,0
togethercomputer/falcon-7b-instruct,9,1101111011555550001001011,0
togethercomputer/falcon-7b-instruct,10,0400004000000000000000000,0
togethercomputer/falcon-7b-instruct,11,,0
togethercomputer/falcon-7b-instruct,12,,0
togethercomputer/falcon-7b-instruct,13,,0
togethercomputer/falcon-7b-instruct,14,,0
togethercomputer/falcon-7b-instruct,15,,0
togethercomputer/falcon-7b-instruct,16,0070007070700070707000707,0
togethercomputer/llama-2-13b-chat,1,,0
togethercomputer/llama-2-13b-chat,2,,0
togethercomputer/llama-2-13b-chat,3,,0
togethercomputer/llama-2-13b-chat,4,,0
togethercomputer/llama-2-13b-chat,5,,0
togethercomputer/llama-2-13b-chat,6,,0
togethercomputer/llama-2-13b-chat,7,,0
togethercomputer/llama-2-13b-chat,8,,0
togethercomputer/llama-2-13b-chat,9,,0
togethercomputer/llama-2-13b-chat,10,,0
togethercomputer/llama-2-13b-chat,11,,0
togethercomputer/llama-2-13b-chat,12,,0
togethercomputer/llama-2-13b-chat,13,,0
togethercomputer/llama-2-13b-chat,14,,0
togethercomputer/llama-2-13b-chat,15,,0
togethercomputer/llama-2-13b-chat,16,,0
togethercomputer/llama-2-70b-chat,1,,0
togethercomputer/llama-2-70b-chat,2,,0
togethercomputer/llama-2-70b-chat,3,,0
togethercomputer/llama-2-70b-chat,4,,0
togethercomputer/llama-2-70b-chat,5,,0
togethercomputer/llama-2-70b-chat,6,,0
togethercomputer/llama-2-70b-chat,7,,0
togethercomputer/llama-2-70b-chat,8,,0
togethercomputer/llama-2-70b-chat,9,,0
togethercomputer/llama-2-70b-chat,10,,0
togethercomputer/llama-2-70b-chat,11,,0
togethercomputer/llama-2-70b-chat,12,,0
togethercomputer/llama-2-70b-chat,13,,0
togethercomputer/llama-2-70b-chat,14,,0
togethercomputer/llama-2-70b-chat,15,,0
togethercomputer/llama-2-70b-chat,16,,0
togethercomputer/llama-2-7b-chat,1,,0
togethercomputer/llama-2-7b-chat,2,,0
togethercomputer/llama-2-7b-chat,3,,0
togethercomputer/llama-2-7b-chat,4,,0
togethercomputer/llama-2-7b-chat,5,,0
togethercomputer/llama-2-7b-chat,6,,0
togethercomputer/llama-2-7b-chat,7,,0
togethercomputer/llama-2-7b-chat,8,,0
togethercomputer/llama-2-7b-chat,9,,0
togethercomputer/llama-2-7b-chat,10,,0
togethercomputer/llama-2-7b-chat,11,,0
togethercomputer/llama-2-7b-chat,12,,0
togethercomputer/llama-2-7b-chat,13,,0
togethercomputer/llama-2-7b-chat,14,,0
togethercomputer/llama-2-7b-chat,15,,0
togethercomputer/llama-2-7b-chat,16,,0
upstage/SOLAR-0-70b-16bit,1,000000000,0
upstage/SOLAR-0-70b-16bit,2,770000770,1
upstage/SOLAR-0-70b-16bit,3,000666000,1
upstage/SOLAR-0-70b-16bit,4,000404404,1
upstage/SOLAR-0-70b-16bit,5,700700770,0
upstage/SOLAR-0-70b-16bit,6,070070033,1
upstage/SOLAR-0-70b-16bit,7,000103103,0
upstage/SOLAR-0-70b-16bit,8,000333444,1
upstage/SOLAR-0-70b-16bit,9,0110155555000000000000000,1
upstage/SOLAR-0-70b-16bit,10,5500005555050055500500500,0
upstage/SOLAR-0-70b-16bit,11,4020002320200020202000200,0
upstage/SOLAR-0-70b-16bit,12,0000033330600004444422000,0
upstage/SOLAR-0-70b-16bit,13,0005500055000000000060000,0
upstage/SOLAR-0-70b-16bit,14,6666666666666666666666666,1
upstage/SOLAR-0-70b-16bit,15,0031311313113031131300303,0
upstage/SOLAR-0-70b-16bit,16,0000006660000000666000000,0
zero-one-ai/Yi-34B-Chat,1,000100110,0
zero-one-ai/Yi-34B-Chat,2,770000770,1
zero-one-ai/Yi-34B-Chat,3,000464000,0
zero-one-ai/Yi-34B-Chat,4,000404400,0
zero-one-ai/Yi-34B-Chat,5,700700770,0
zero-one-ai/Yi-34B-Chat,6,000050000,0
zero-one-ai/Yi-34B-Chat,7,111102111,0
zero-one-ai/Yi-34B-Chat,8,000333000,0
zero-one-ai/Yi-34B-Chat,9,1101111010555550000000000,0
zero-one-ai/Yi-34B-Chat,10,5550000050005005000000500,0
zero-one-ai/Yi-34B-Chat,11,3010001010100010101000100,0
zero-one-ai/Yi-34B-Chat,12,0000033300600004444433330,0
zero-one-ai/Yi-34B-Chat,13,0005500055000000000055000,0
zero-one-ai/Yi-34B-Chat,14,6666666666666666666666666,1
zero-one-ai/Yi-34B-Chat,15,0001011313113030031311303,0
zero-one-ai/Yi-34B-Chat,16,0000006060000000666000000,0
